candidate,group,round,slot,candidate_type,status,search_der_percent,holdout_der_percent,reduction_pp,relative_reduction_percent,changed_fields,source_workspace,model_artifact,holdout_workspace,status_artifact
A-r1-i1,A,1,1,arch,success,12.86875,9.433333333333332,-0.18500000000000183,-2.0003604253018765,"[""arch_config.dropout"", ""source.diarizen/pipelines/inference.py"", ""source.diarizen/sure_candidate.py"", ""training.learning_rate_wavlm"", ""training.learning_rate_network"", ""training.candidate_options""]",/shared/chaolei.liu/SURE-Evolve/runs/sd_ablation_20260915_bf16_b48_v1/A/search/workspace/exp_0_improve,/shared/chaolei.liu/SURE-Evolve/runs/sd_ablation_20260915_bf16_b48_v1/A/search/workspace/model_artifacts/118869df34484a17284b204ee2d3a8ed8da41092a19bc5c94a9738ef54cf272b/manifest.json,/shared/chaolei.liu/SURE-Evolve/runs/sd_candidate_holdout_snapshot_20260917_134433/worker_0/run/workspace/exp_3_improve,/shared/chaolei.liu/SURE-Evolve/runs/sd_ablation_20260915_bf16_b48_v1/A/search/workspace/exp_0_improve/artifacts/candidate_status.json
A-r1-i2,A,1,2,inference,artifact_guard_failed,,,,,"{""inference"": [""segmentation_step""]}",/shared/chaolei.liu/SURE-Evolve/runs/sd_ablation_20260915_bf16_b48_v1/A/search/workspace/exp_1_improve,,,/shared/chaolei.liu/SURE-Evolve/runs/sd_ablation_20260915_bf16_b48_v1/A/search/workspace/exp_1_improve/artifacts/candidate_status.json
A-r1-i3,A,1,3,arch,success,13.459999999999999,9.274166666666666,-0.02583333333333604,-0.27932960893857683,"[""arch_config.use_posi"", ""source.diarizen/pipelines/inference.py""]",/shared/chaolei.liu/SURE-Evolve/runs/sd_ablation_20260915_bf16_b48_v1/A/search/workspace/exp_2_improve,/shared/chaolei.liu/SURE-Evolve/runs/sd_ablation_20260915_bf16_b48_v1/A/search/workspace/model_artifacts/2fc5c1bc7930f54ee887e555ed798eb57785f4b4667fdf3c6b5052bcbeafd4b9/manifest.json,/shared/chaolei.liu/SURE-Evolve/runs/sd_candidate_holdout_snapshot_20260917_134433/worker_3/run/workspace/exp_4_improve,/shared/chaolei.liu/SURE-Evolve/runs/sd_ablation_20260915_bf16_b48_v1/A/search/workspace/exp_2_improve/artifacts/candidate_status.json
A-r1-i4,A,1,4,fine_tune,artifact_guard_failed,,,,,"[""diarizen/sure_candidate.py:training_loss (new hook; the only file edited in the workspace source)"", ""training.candidate_options.overlap_weight (new entry, value 2.0)""]",/shared/chaolei.liu/SURE-Evolve/runs/sd_ablation_20260915_bf16_b48_v1/A/search/workspace/exp_3_improve,,,/shared/chaolei.liu/SURE-Evolve/runs/sd_ablation_20260915_bf16_b48_v1/A/search/workspace/exp_3_improve/artifacts/candidate_status.json
A-r2-i1,A,2,1,fine_tune,success,13.09875,9.459999999999997,-0.21166666666666695,-2.288700666786812,"[""training.learning_rate_wavlm""]",/shared/chaolei.liu/SURE-Evolve/runs/sd_ablation_20260915_bf16_b48_v1/A/search/workspace/exp_5_improve,/shared/chaolei.liu/SURE-Evolve/runs/sd_ablation_20260915_bf16_b48_v1/A/search/workspace/model_artifacts/20640c0f4154f462a83386089c2202d47c8d93880c56250e6beccdf983c9ad17/manifest.json,/shared/chaolei.liu/SURE-Evolve/runs/sd_candidate_holdout_snapshot_20260917_134433/worker_4/run/workspace/exp_5_improve,/shared/chaolei.liu/SURE-Evolve/runs/sd_ablation_20260915_bf16_b48_v1/A/search/workspace/exp_5_improve/artifacts/candidate_status.json
A-r2-i2,A,2,2,fine_tune,success,13.4,10.3525,-1.1041666666666685,-11.939088123986329,"[""source.diarizen/pipelines/inference.py"", ""source.diarizen/sure_candidate.py"", ""training.candidate_options""]",/shared/chaolei.liu/SURE-Evolve/runs/sd_ablation_20260915_bf16_b48_v1/A/search/workspace/exp_6_improve,/shared/chaolei.liu/SURE-Evolve/runs/sd_ablation_20260915_bf16_b48_v1/A/search/workspace/model_artifacts/751881df71899783890e9a260bbb1ffce7857d86266bdad4a159bc63d04788a6/manifest.json,/shared/chaolei.liu/SURE-Evolve/runs/sd_candidate_holdout_snapshot_20260917_134433/worker_5/run/workspace/exp_6_improve,/shared/chaolei.liu/SURE-Evolve/runs/sd_ablation_20260915_bf16_b48_v1/A/search/workspace/exp_6_improve/artifacts/candidate_status.json
A-r2-i3,A,2,3,arch,success,12.9025,9.121666666666666,0.1266666666666652,1.3696161470535078,"[""arch_config.num_layer"", ""source.diarizen/pipelines/inference.py"", ""source.diarizen/sure_candidate.py""]",/shared/chaolei.liu/SURE-Evolve/runs/sd_ablation_20260915_bf16_b48_v1/A/search/workspace/exp_7_improve,/shared/chaolei.liu/SURE-Evolve/runs/sd_ablation_20260915_bf16_b48_v1/A/search/workspace/model_artifacts/96e93fabf29e722e06717d0136e1fed7b60f8dfe92d87c111d42e7a5a6a33b0b/manifest.json,/shared/chaolei.liu/SURE-Evolve/runs/sd_candidate_holdout_snapshot_20260917_134433/worker_0/run/workspace/exp_7_improve,/shared/chaolei.liu/SURE-Evolve/runs/sd_ablation_20260915_bf16_b48_v1/A/search/workspace/exp_7_improve/artifacts/candidate_status.json
A-r2-i4,A,2,4,inference,success,15.06625,10.233333333333333,-0.9850000000000012,-10.650567669850439,"[""inference.ahc_threshold""]",/shared/chaolei.liu/SURE-Evolve/runs/sd_ablation_20260915_bf16_b48_v1/A/search/workspace/exp_8_improve,/shared/chaolei.liu/SURE-Evolve/runs/sd_ablation_20260915_bf16_b48_v1/A/search/workspace/model_artifacts/8bfb6ab91d7293fe9a3c5b74d70fb5199976566f41a2ee57cb09b10d05942a90/manifest.json,/shared/chaolei.liu/SURE-Evolve/runs/sd_candidate_holdout_snapshot_20260917_134433/worker_1/run/workspace/exp_8_improve,/shared/chaolei.liu/SURE-Evolve/runs/sd_ablation_20260915_bf16_b48_v1/A/search/workspace/exp_8_improve/artifacts/candidate_status.json
A-r3-i1,A,3,1,inference,success,8.93375,11.160833333333334,-1.9125000000000045,-20.679401693998972,"[""inference.ahc_threshold""]",/shared/chaolei.liu/SURE-Evolve/runs/sd_ablation_20260915_bf16_b48_v1/A/search/workspace/exp_10_improve,/shared/chaolei.liu/SURE-Evolve/runs/sd_ablation_20260915_bf16_b48_v1/A/search/workspace/model_artifacts/a0847463f81b7dc6d4a1c75db3405678fabaf8d7add88f939b5aa01669764b95/manifest.json,/shared/chaolei.liu/SURE-Evolve/runs/sd_candidate_holdout_snapshot_20260917_134433/worker_2/run/workspace/exp_9_improve,/shared/chaolei.liu/SURE-Evolve/runs/sd_ablation_20260915_bf16_b48_v1/A/search/workspace/exp_10_improve/artifacts/candidate_status.json
A-r3-i2,A,3,2,fine_tune,success,13.722500000000002,10.520833333333334,-1.2725000000000029,-13.7592358983601,"[""source.diarizen/pipelines/inference.py"", ""source.diarizen/sure_candidate.py"", ""training.freeze_wavlm""]",/shared/chaolei.liu/SURE-Evolve/runs/sd_ablation_20260915_bf16_b48_v1/A/search/workspace/exp_11_improve,/shared/chaolei.liu/SURE-Evolve/runs/sd_ablation_20260915_bf16_b48_v1/A/search/workspace/model_artifacts/b0b87b5fcd68544d099c726db61188006d2eed1ed6dc1c0adf30383b0d2bc101/manifest.json,/shared/chaolei.liu/SURE-Evolve/runs/sd_candidate_holdout_snapshot_20260917_134433/worker_3/run/workspace/exp_10_improve,/shared/chaolei.liu/SURE-Evolve/runs/sd_ablation_20260915_bf16_b48_v1/A/search/workspace/exp_11_improve/artifacts/candidate_status.json
A-r3-i3,A,3,3,arch,success,13.12625,9.686666666666667,-0.4383333333333364,-4.739592719408938,"[""architecture.num_layer"", ""architecture.dropout""]",/shared/chaolei.liu/SURE-Evolve/runs/sd_ablation_20260915_bf16_b48_v1/A/search/workspace/exp_12_improve,/shared/chaolei.liu/SURE-Evolve/runs/sd_ablation_20260915_bf16_b48_v1/A/search/workspace/model_artifacts/1604b8ed6ea84bd7cf6026d0007702ecea453f2070cd54fa93ddcee34d1487bb/manifest.json,/shared/chaolei.liu/SURE-Evolve/runs/sd_candidate_holdout_snapshot_20260917_134433/worker_4/run/workspace/exp_11_improve,/shared/chaolei.liu/SURE-Evolve/runs/sd_ablation_20260915_bf16_b48_v1/A/search/workspace/exp_12_improve/artifacts/candidate_status.json
A-r3-i4,A,3,4,inference,success,8.9025,9.894166666666665,-0.6458333333333344,-6.9832402234637,"[""inference.ahc_threshold""]",/shared/chaolei.liu/SURE-Evolve/runs/sd_ablation_20260915_bf16_b48_v1/A/search/workspace/exp_13_improve,/shared/chaolei.liu/SURE-Evolve/runs/sd_ablation_20260915_bf16_b48_v1/A/search/workspace/model_artifacts/a603e30e9d27b8c181fa7184b490fedad5c69e077da3d6279c1b201e52729436/manifest.json,/shared/chaolei.liu/SURE-Evolve/runs/sd_candidate_holdout_snapshot_20260917_134433/worker_5/run/workspace/exp_12_improve,/shared/chaolei.liu/SURE-Evolve/runs/sd_ablation_20260915_bf16_b48_v1/A/search/workspace/exp_13_improve/artifacts/candidate_status.json
A-r4-i1,A,4,1,inference,success,8.93375,11.160833333333336,-1.9125000000000059,-20.67940169399899,"[""inference.ahc_threshold""]",/shared/chaolei.liu/SURE-Evolve/runs/sd_ablation_20260915_bf16_b48_v1/A/search/workspace/exp_15_improve,/shared/chaolei.liu/SURE-Evolve/runs/sd_ablation_20260915_bf16_b48_v1/A/search/workspace/model_artifacts/ee02319bdca3e787a4307dd90e88d2f23105971a1a2bdfb164a55c1635f0750e/manifest.json,/shared/chaolei.liu/SURE-Evolve/runs/sd_candidate_holdout_snapshot_20260917_134433/worker_0/run/workspace/exp_13_improve,/shared/chaolei.liu/SURE-Evolve/runs/sd_ablation_20260915_bf16_b48_v1/A/search/workspace/exp_15_improve/artifacts/candidate_status.json
A-r4-i2,A,4,2,inference,success,8.82125,9.59666666666667,-0.348333333333338,-3.76644440439724,"[""inference.ahc_threshold"", ""inference.segmentation_step""]",/shared/chaolei.liu/SURE-Evolve/runs/sd_ablation_20260915_bf16_b48_v1/A/search/workspace/exp_16_improve,/shared/chaolei.liu/SURE-Evolve/runs/sd_ablation_20260915_bf16_b48_v1/A/search/workspace/model_artifacts/8754063942b3bda76c92f24fd916c641cc173e954ade1d38cec465ac1a86987a/manifest.json,/shared/chaolei.liu/SURE-Evolve/runs/sd_candidate_holdout_snapshot_20260917_134433/worker_1/run/workspace/exp_14_improve,/shared/chaolei.liu/SURE-Evolve/runs/sd_ablation_20260915_bf16_b48_v1/A/search/workspace/exp_16_improve/artifacts/candidate_status.json
A-r4-i3,A,4,3,inference,boundary_error,,,,,"[""inference.clustering_method"", ""inference.Fa"", ""inference.Fb""]",/shared/chaolei.liu/SURE-Evolve/runs/sd_ablation_20260915_bf16_b48_v1/A/search/workspace/exp_17_improve,,,/shared/chaolei.liu/SURE-Evolve/runs/sd_ablation_20260915_bf16_b48_v1/A/search/workspace/exp_17_improve/artifacts/candidate_status.json
A-r4-i4,A,4,4,arch,success,8.8125,10.015833333333333,-0.767500000000003,-8.298792575238815,"[""architecture.dropout"", ""inference.ahc_threshold""]",/shared/chaolei.liu/SURE-Evolve/runs/sd_ablation_20260915_bf16_b48_v1/A/search/workspace/exp_18_improve,/shared/chaolei.liu/SURE-Evolve/runs/sd_ablation_20260915_bf16_b48_v1/A/search/workspace/model_artifacts/931fdc9961d728a0fa76e6942911c20b63e33de4e3d3bb4166d0471844fced2e/manifest.json,/shared/chaolei.liu/SURE-Evolve/runs/sd_candidate_holdout_snapshot_20260917_134433/worker_2/run/workspace/exp_2_improve,/shared/chaolei.liu/SURE-Evolve/runs/sd_ablation_20260915_bf16_b48_v1/A/search/workspace/exp_18_improve/artifacts/candidate_status.json
A-r5-i1,A,5,1,inference,success,8.6675,9.818333333333335,-0.5700000000000038,-6.163272661740898,"[""inference.segmentation_step""]",/shared/chaolei.liu/SURE-Evolve/runs/sd_ablation_20260915_bf16_b48_v1/A/search/workspace/exp_20_improve,/shared/chaolei.liu/SURE-Evolve/runs/sd_ablation_20260915_bf16_b48_v1/A/search/workspace/model_artifacts/8228688dfa925bc3b361ff8e97a8f52dd6f213fb4c36801d52f55d9a5201e09f/manifest.json,/shared/chaolei.liu/SURE-Evolve/runs/sd_all_candidates_holdout_20260917_200910/worker_0/run/workspace/exp_14_improve,/shared/chaolei.liu/SURE-Evolve/runs/sd_ablation_20260915_bf16_b48_v1/A/search/workspace/exp_20_improve/artifacts/candidate_status.json
A-r5-i2,A,5,2,inference,execution_failed,,,,,"[""inference.clustering_method"", ""inference.Fa"", ""inference.Fb"", ""inference.max_iters"", ""inference.ahc_threshold"", ""source.inference.ahc_criterion_default""]",/shared/chaolei.liu/SURE-Evolve/runs/sd_ablation_20260915_bf16_b48_v1/A/search/workspace/exp_21_improve,,,/shared/chaolei.liu/SURE-Evolve/runs/sd_ablation_20260915_bf16_b48_v1/A/search/workspace/exp_21_improve/artifacts/candidate_status.json
A-r5-i3,A,5,3,arch,success,9.59125,9.969999999999999,-0.7216666666666691,-7.803207785186548,"[""architecture.dropout"", ""source.model.pre_classifier_residual_adapter"", ""inference.ahc_threshold""]",/shared/chaolei.liu/SURE-Evolve/runs/sd_ablation_20260915_bf16_b48_v1/A/search/workspace/exp_22_improve,/shared/chaolei.liu/SURE-Evolve/runs/sd_ablation_20260915_bf16_b48_v1/A/search/workspace/model_artifacts/5b0265ba487ee44feb8ddf3317ad8ac961af3698c2a97e5fee4237b3ca7a5cca/manifest.json,/shared/chaolei.liu/SURE-Evolve/runs/sd_all_candidates_holdout_20260917_200910/worker_1/run/workspace/exp_15_improve,/shared/chaolei.liu/SURE-Evolve/runs/sd_ablation_20260915_bf16_b48_v1/A/search/workspace/exp_22_improve/artifacts/candidate_status.json
A-r5-i4,A,5,4,inference,success,8.891250000000001,9.914166666666665,-0.6658333333333335,-7.199495404577407,"[""inference.min_cluster_size""]",/shared/chaolei.liu/SURE-Evolve/runs/sd_ablation_20260915_bf16_b48_v1/A/search/workspace/exp_23_improve,/shared/chaolei.liu/SURE-Evolve/runs/sd_ablation_20260915_bf16_b48_v1/A/search/workspace/model_artifacts/ff4d768118e9bf5992058398008ff3869fc29b1598d80f18e0aa33fcb5c7104b/manifest.json,/shared/chaolei.liu/SURE-Evolve/runs/sd_all_candidates_holdout_20260917_200910/worker_2/run/workspace/exp_16_improve,/shared/chaolei.liu/SURE-Evolve/runs/sd_ablation_20260915_bf16_b48_v1/A/search/workspace/exp_23_improve/artifacts/candidate_status.json
A-r6-i1,A,6,1,inference,success,8.69125,9.84,-0.5916666666666694,-6.397549107947411,"[""inference.apply_median_filtering""]",/shared/chaolei.liu/SURE-Evolve/runs/sd_ablation_20260915_bf16_b48_v1/A/search/workspace/exp_25_improve,/shared/chaolei.liu/SURE-Evolve/runs/sd_ablation_20260915_bf16_b48_v1/A/search/workspace/model_artifacts/410ab32a29a0b840328dae2a3d5e77992a64934b440040c921d49a28ff4f991b/manifest.json,/shared/chaolei.liu/SURE-Evolve/runs/sd_all_candidates_holdout_20260917_200910/worker_3/run/workspace/exp_17_improve,/shared/chaolei.liu/SURE-Evolve/runs/sd_ablation_20260915_bf16_b48_v1/A/search/workspace/exp_25_improve/artifacts/candidate_status.json
A-r6-i2,A,6,2,inference,success,9.5675,9.943333333333335,-0.6950000000000054,-7.514867543701628,[],/shared/chaolei.liu/SURE-Evolve/runs/sd_ablation_20260915_bf16_b48_v1/A/search/workspace/exp_32_improve,/shared/chaolei.liu/SURE-Evolve/runs/sd_ablation_20260915_bf16_b48_v1/A/search/workspace/model_artifacts/e21fad0b05c6fd1e26f414361307ba63b1670cde201a91221d68968d97fad3c9/manifest.json,/shared/chaolei.liu/SURE-Evolve/runs/sd_ablation_20260915_bf16_b48_v1/A/search/workspace/exp_900002_improve,/shared/chaolei.liu/SURE-Evolve/runs/sd_ablation_20260915_bf16_b48_v1/A/search/workspace/exp_32_improve/artifacts/candidate_status.json
A-r6-i3,A,6,3,inference,success,9.079999999999998,10.098333333333333,-0.8500000000000021,-9.190845197332878,"[""inference.ahc_threshold""]",/shared/chaolei.liu/SURE-Evolve/runs/sd_ablation_20260915_bf16_b48_v1/A/search/workspace/exp_27_improve,/shared/chaolei.liu/SURE-Evolve/runs/sd_ablation_20260915_bf16_b48_v1/A/search/workspace/model_artifacts/47c37e2c335495706f69e40c276ae8827f41023a25cbb4763e2fbc9e38829406/manifest.json,/shared/chaolei.liu/SURE-Evolve/runs/sd_all_candidates_holdout_20260917_200910/worker_5/run/workspace/exp_19_improve,/shared/chaolei.liu/SURE-Evolve/runs/sd_ablation_20260915_bf16_b48_v1/A/search/workspace/exp_27_improve/artifacts/candidate_status.json
A-r6-i4,A,6,4,inference,success,24.66875,19.66833333333333,-10.419999999999998,-112.66894936024512,"[""inference.segmentation_step""]",/shared/chaolei.liu/SURE-Evolve/runs/sd_ablation_20260915_bf16_b48_v1/A/search/workspace/exp_28_improve,/shared/chaolei.liu/SURE-Evolve/runs/sd_ablation_20260915_bf16_b48_v1/A/search/workspace/model_artifacts/47e76e40bb88c32ea7847915dd9fd7cee369b41ed01a935601f2ed1fa507c098/manifest.json,/shared/chaolei.liu/SURE-Evolve/runs/sd_all_candidates_holdout_20260917_200910/worker_6/run/workspace/exp_20_improve,/shared/chaolei.liu/SURE-Evolve/runs/sd_ablation_20260915_bf16_b48_v1/A/search/workspace/exp_28_improve/artifacts/candidate_status.json
B-r1-i1,B,1,1,inference,implementation_drift,,,,,"[""ahc_threshold"", ""segmentation_step""]",/shared/chaolei.liu/SURE-Evolve/runs/sd_ablation_20260915_bf16_b48_v1/B/search/workspace/exp_0_improve,,,/shared/chaolei.liu/SURE-Evolve/runs/sd_ablation_20260915_bf16_b48_v1/B/search/workspace/exp_0_improve/artifacts/candidate_status.json
B-r1-i2,B,1,2,fine_tune,success,13.50625,9.4375,-0.18916666666666943,-2.0454135880339104,"[""training.candidate_options.lr_schedule""]",/shared/chaolei.liu/SURE-Evolve/runs/sd_ablation_20260915_bf16_b48_v1/B/search/workspace/exp_1_improve,/shared/chaolei.liu/SURE-Evolve/runs/sd_ablation_20260915_bf16_b48_v1/B/search/workspace/model_artifacts/ccb37617ff1af96e8c52599ae04a71c2a2473f5e8201e4e8f6160e9ccc2d5f35/manifest.json,/shared/chaolei.liu/SURE-Evolve/runs/sd_candidate_holdout_snapshot_20260917_134433/worker_2/run/workspace/exp_15_improve,/shared/chaolei.liu/SURE-Evolve/runs/sd_ablation_20260915_bf16_b48_v1/B/search/workspace/exp_1_improve/artifacts/candidate_status.json
B-r1-i3,B,1,3,arch,success,13.00875,9.442499999999999,-0.19416666666666887,-2.099477383312333,"[""architecture.use_posi""]",/shared/chaolei.liu/SURE-Evolve/runs/sd_ablation_20260915_bf16_b48_v1/B/search/workspace/exp_2_improve,/shared/chaolei.liu/SURE-Evolve/runs/sd_ablation_20260915_bf16_b48_v1/B/search/workspace/model_artifacts/2c07a1b45de01afede6bc8c25dcf07bf1324a4ac31e479449fad07dbb25c9e62/manifest.json,/shared/chaolei.liu/SURE-Evolve/runs/sd_candidate_holdout_snapshot_20260917_134433/worker_3/run/workspace/exp_16_improve,/shared/chaolei.liu/SURE-Evolve/runs/sd_ablation_20260915_bf16_b48_v1/B/search/workspace/exp_2_improve/artifacts/candidate_status.json
B-r1-i4,B,1,4,fine_tune,success,13.53375,10.175833333333335,-0.9275000000000047,-10.02883402414855,"[""training.learning_rate_wavlm""]",/shared/chaolei.liu/SURE-Evolve/runs/sd_ablation_20260915_bf16_b48_v1/B/search/workspace/exp_3_improve,/shared/chaolei.liu/SURE-Evolve/runs/sd_ablation_20260915_bf16_b48_v1/B/search/workspace/model_artifacts/63eac7daf9d57c8265ea323be89f9f3f27ce5be6fa7742464ce6797e6df4c3b6/manifest.json,/shared/chaolei.liu/SURE-Evolve/runs/sd_candidate_holdout_snapshot_20260917_134433/worker_4/run/workspace/exp_17_improve,/shared/chaolei.liu/SURE-Evolve/runs/sd_ablation_20260915_bf16_b48_v1/B/search/workspace/exp_3_improve/artifacts/candidate_status.json
B-r2-i1,B,2,1,inference,execution_failed,,,,,[],/shared/chaolei.liu/SURE-Evolve/runs/sd_ablation_20260915_bf16_b48_v1/B/search/workspace/exp_5_improve,,,/shared/chaolei.liu/SURE-Evolve/runs/sd_ablation_20260915_bf16_b48_v1/B/search/workspace/exp_5_improve/artifacts/candidate_status.json
B-r2-i2,B,2,2,inference,success,12.965000000000002,9.355,-0.10666666666667018,-1.1533609659398474,"[""inference.segmentation_step""]",/shared/chaolei.liu/SURE-Evolve/runs/sd_ablation_20260915_bf16_b48_v1/B/search/workspace/exp_6_improve,/shared/chaolei.liu/SURE-Evolve/runs/sd_ablation_20260915_bf16_b48_v1/B/search/workspace/model_artifacts/e23ae03cf39537443406ebbb65a470e62b761ce5fefdae59ea3affa0e981dbbb/manifest.json,/shared/chaolei.liu/SURE-Evolve/runs/sd_candidate_holdout_snapshot_20260917_134433/worker_5/run/workspace/exp_18_improve,/shared/chaolei.liu/SURE-Evolve/runs/sd_ablation_20260915_bf16_b48_v1/B/search/workspace/exp_6_improve/artifacts/candidate_status.json
B-r2-i3,B,2,3,arch,success,12.62625,9.0875,0.16083333333333089,1.7390520814560921,"[""architecture.dropout""]",/shared/chaolei.liu/SURE-Evolve/runs/sd_ablation_20260915_bf16_b48_v1/B/search/workspace/exp_7_improve,/shared/chaolei.liu/SURE-Evolve/runs/sd_ablation_20260915_bf16_b48_v1/B/search/workspace/model_artifacts/a368932ed1130af78355305492760765b259b99d4d2049b86be71819de856cfd/manifest.json,/shared/chaolei.liu/SURE-Evolve/runs/sd_candidate_holdout_snapshot_20260917_134433/worker_0/run/workspace/exp_19_improve,/shared/chaolei.liu/SURE-Evolve/runs/sd_ablation_20260915_bf16_b48_v1/B/search/workspace/exp_7_improve/artifacts/candidate_status.json
B-r2-i4,B,2,4,inference,success,15.13625,10.040833333333332,-0.7925000000000015,-8.569111551630943,"[""inference.ahc_threshold""]",/shared/chaolei.liu/SURE-Evolve/runs/sd_ablation_20260915_bf16_b48_v1/B/search/workspace/exp_8_improve,/shared/chaolei.liu/SURE-Evolve/runs/sd_ablation_20260915_bf16_b48_v1/B/search/workspace/model_artifacts/75ebf87cf06f8f8f6c7f3f0865026a0e93d2af21842c58cddee25aa3f015eef0/manifest.json,/shared/chaolei.liu/SURE-Evolve/runs/sd_candidate_holdout_snapshot_20260917_134433/worker_1/run/workspace/exp_20_improve,/shared/chaolei.liu/SURE-Evolve/runs/sd_ablation_20260915_bf16_b48_v1/B/search/workspace/exp_8_improve/artifacts/candidate_status.json
B-r3-i1,B,3,1,fine_tune,success,13.65,10.8475,-1.5991666666666695,-17.291403856550765,"[""training.learning_rate_wavlm""]",/shared/chaolei.liu/SURE-Evolve/runs/sd_ablation_20260915_bf16_b48_v1/B/search/workspace/exp_10_improve,/shared/chaolei.liu/SURE-Evolve/runs/sd_ablation_20260915_bf16_b48_v1/B/search/workspace/model_artifacts/e956692d15264a0069c97947853e82e9deb3c687b0dcc92fc9e5f47ad9d3b4bc/manifest.json,/shared/chaolei.liu/SURE-Evolve/runs/sd_candidate_holdout_snapshot_20260917_134433/worker_2/run/workspace/exp_21_improve,/shared/chaolei.liu/SURE-Evolve/runs/sd_ablation_20260915_bf16_b48_v1/B/search/workspace/exp_10_improve/artifacts/candidate_status.json
B-r3-i2,B,3,2,inference,success,16.994999999999997,16.309166666666666,-7.060833333333336,-76.34708956568755,"[""max_speakers"", ""min_cluster_size"", ""segmentation_step""]",/shared/chaolei.liu/SURE-Evolve/runs/sd_ablation_20260915_bf16_b48_v1/B/search/workspace/exp_11_improve,/shared/chaolei.liu/SURE-Evolve/runs/sd_ablation_20260915_bf16_b48_v1/B/search/workspace/model_artifacts/26810932899055a5181e7c344f64a97a162092b0108f70990a39e8b28eaa82d6/manifest.json,/shared/chaolei.liu/SURE-Evolve/runs/sd_candidate_holdout_snapshot_20260917_134433/worker_3/run/workspace/exp_22_improve,/shared/chaolei.liu/SURE-Evolve/runs/sd_ablation_20260915_bf16_b48_v1/B/search/workspace/exp_11_improve/artifacts/candidate_status.json
B-r3-i3,B,3,3,inference,success,9.739999999999998,9.205,0.04333333333332995,0.46855289241301096,[],/shared/chaolei.liu/SURE-Evolve/runs/sd_ablation_20260915_bf16_b48_v1/B/search/workspace/exp_29_improve,/shared/chaolei.liu/SURE-Evolve/runs/sd_ablation_20260915_bf16_b48_v1/B/search/workspace/model_artifacts/6187ccb1b70732d94929e16413ef442939e35f9a72ab7a06aa8aa7ab360340d2/manifest.json,/shared/chaolei.liu/SURE-Evolve/runs/sd_candidate_holdout_snapshot_20260917_134433/worker_1/run/workspace/exp_1_improve,/shared/chaolei.liu/SURE-Evolve/runs/sd_ablation_20260915_bf16_b48_v1/B/search/workspace/exp_29_improve/artifacts/candidate_status.json
B-r3-i4,B,3,4,fine_tune,success,13.161249999999999,10.24,-0.9916666666666698,-10.722652730221698,"[""training.learning_rate_wavlm"", ""training.candidate_options.wavlm_warmup_updates""]",/shared/chaolei.liu/SURE-Evolve/runs/sd_ablation_20260915_bf16_b48_v1/B/search/workspace/exp_13_improve,/shared/chaolei.liu/SURE-Evolve/runs/sd_ablation_20260915_bf16_b48_v1/B/search/workspace/model_artifacts/3e62b95e3d9ad15529afd26a7c80c3f99e322c5eae3547cb8f62ba7acdc96350/manifest.json,/shared/chaolei.liu/SURE-Evolve/runs/sd_candidate_holdout_snapshot_20260917_134433/worker_4/run/workspace/exp_23_improve,/shared/chaolei.liu/SURE-Evolve/runs/sd_ablation_20260915_bf16_b48_v1/B/search/workspace/exp_13_improve/artifacts/candidate_status.json
B-r4-i1,B,4,1,inference,success,9.9075,9.661666666666669,-0.41333333333333777,-4.469273743016809,"[""inference.ahc_threshold""]",/shared/chaolei.liu/SURE-Evolve/runs/sd_ablation_20260915_bf16_b48_v1/B/search/workspace/exp_15_improve,/shared/chaolei.liu/SURE-Evolve/runs/sd_ablation_20260915_bf16_b48_v1/B/search/workspace/model_artifacts/507893154fd2d71143dbdaa3a8118f6d992ef267c1e1ebb86224d212f79861f3/manifest.json,/shared/chaolei.liu/SURE-Evolve/runs/sd_candidate_holdout_snapshot_20260917_134433/worker_5/run/workspace/exp_24_improve,/shared/chaolei.liu/SURE-Evolve/runs/sd_ablation_20260915_bf16_b48_v1/B/search/workspace/exp_15_improve/artifacts/candidate_status.json
B-r4-i2,B,4,2,inference,success,9.9075,9.661666666666667,-0.4133333333333364,-4.469273743016794,"[""inference.ahc_threshold""]",/shared/chaolei.liu/SURE-Evolve/runs/sd_ablation_20260915_bf16_b48_v1/B/search/workspace/exp_16_improve,/shared/chaolei.liu/SURE-Evolve/runs/sd_ablation_20260915_bf16_b48_v1/B/search/workspace/model_artifacts/cd07e14d0b30757819b978f2c48c2f40e512c4f2f2558f5d9ad229a3242d5798/manifest.json,/shared/chaolei.liu/SURE-Evolve/runs/sd_candidate_holdout_snapshot_20260917_134433/worker_0/run/workspace/exp_25_improve,/shared/chaolei.liu/SURE-Evolve/runs/sd_ablation_20260915_bf16_b48_v1/B/search/workspace/exp_16_improve/artifacts/candidate_status.json
B-r4-i3,B,4,3,inference,success,12.508750000000003,9.145833333333336,0.10249999999999565,1.1083078032077385,"[""inference.ahc_threshold"", ""inference.segmentation_step""]",/shared/chaolei.liu/SURE-Evolve/runs/sd_ablation_20260915_bf16_b48_v1/B/search/workspace/exp_17_improve,/shared/chaolei.liu/SURE-Evolve/runs/sd_ablation_20260915_bf16_b48_v1/B/search/workspace/model_artifacts/66e1668d5a675bc65cfa5af519e2bc47a031cd70971130443f0591d0f67778a0/manifest.json,/shared/chaolei.liu/SURE-Evolve/runs/sd_candidate_holdout_snapshot_20260917_134433/worker_1/run/workspace/exp_26_improve,/shared/chaolei.liu/SURE-Evolve/runs/sd_ablation_20260915_bf16_b48_v1/B/search/workspace/exp_17_improve/artifacts/candidate_status.json
B-r4-i4,B,4,4,arch,success,12.71125,9.3325,-0.0841666666666685,-0.9100738871869006,"[""arch_config.attention_in"", ""arch_config.ffn_hidden"", ""arch_config.num_head"", ""arch_config.num_layer"", ""arch_config.use_posi"", ""source.diarizen/models/eend/model_wavlm_conformer.py"", ""source.diarizen/pipelines/inference.py""]",/shared/chaolei.liu/SURE-Evolve/runs/sd_ablation_20260915_bf16_b48_v1/B/search/workspace/exp_18_improve,/shared/chaolei.liu/SURE-Evolve/runs/sd_ablation_20260915_bf16_b48_v1/B/search/workspace/model_artifacts/d084e88f91c5288ca40f582b38971446ae79ac9ec22f6b28cc18e0d515f7cef1/manifest.json,/shared/chaolei.liu/SURE-Evolve/runs/sd_candidate_holdout_snapshot_20260917_134433/worker_2/run/workspace/exp_27_improve,/shared/chaolei.liu/SURE-Evolve/runs/sd_ablation_20260915_bf16_b48_v1/B/search/workspace/exp_18_improve/artifacts/candidate_status.json
B-r5-i1,B,5,1,inference,success,25.43125,19.3675,-10.11916666666667,-109.41611101099305,"[""inference.segmentation_step""]",/shared/chaolei.liu/SURE-Evolve/runs/sd_ablation_20260915_bf16_b48_v1/B/search/workspace/exp_20_improve,/shared/chaolei.liu/SURE-Evolve/runs/sd_ablation_20260915_bf16_b48_v1/B/search/workspace/model_artifacts/db8540cc24d07fc6aacc8c42f9016de9787a3d2600c6e8549a2359d2eb57fdd0/manifest.json,/shared/chaolei.liu/SURE-Evolve/runs/sd_candidate_holdout_snapshot_20260917_134433/worker_3/run/workspace/exp_28_improve,/shared/chaolei.liu/SURE-Evolve/runs/sd_ablation_20260915_bf16_b48_v1/B/search/workspace/exp_20_improve/artifacts/candidate_status.json
B-r5-i2,B,5,2,inference,success,25.692500000000003,19.03,-9.78166666666667,-105.76680482969911,"[""inference.min_cluster_size""]",/shared/chaolei.liu/SURE-Evolve/runs/sd_ablation_20260915_bf16_b48_v1/B/search/workspace/exp_21_improve,/shared/chaolei.liu/SURE-Evolve/runs/sd_ablation_20260915_bf16_b48_v1/B/search/workspace/model_artifacts/ff0c35bbf64e8c6a56733a2f60d73b2683cb23a6caaf22e261f13689b7cd8c44/manifest.json,/shared/chaolei.liu/SURE-Evolve/runs/sd_candidate_holdout_snapshot_20260917_134433/worker_4/run/workspace/exp_29_improve,/shared/chaolei.liu/SURE-Evolve/runs/sd_ablation_20260915_bf16_b48_v1/B/search/workspace/exp_21_improve/artifacts/candidate_status.json
B-r5-i3,B,5,3,inference,success,8.5625,9.235833333333334,0.012499999999997236,0.1351594881960415,"[""inference.apply_median_filtering""]",/shared/chaolei.liu/SURE-Evolve/runs/sd_ablation_20260915_bf16_b48_v1/B/search/workspace/exp_22_improve,/shared/chaolei.liu/SURE-Evolve/runs/sd_ablation_20260915_bf16_b48_v1/B/search/workspace/model_artifacts/7c54346be9c49154efded24133c355f1079d4f9d978efe94faacea512b3c2b04/manifest.json,/shared/chaolei.liu/SURE-Evolve/runs/sd_candidate_holdout_snapshot_20260917_134433/worker_5/run/workspace/exp_30_improve,/shared/chaolei.liu/SURE-Evolve/runs/sd_ablation_20260915_bf16_b48_v1/B/search/workspace/exp_22_improve/artifacts/candidate_status.json
B-r5-i4,B,5,4,inference,success,25.43125,19.3675,-10.11916666666667,-109.41611101099305,"[""inference.segmentation_step""]",/shared/chaolei.liu/SURE-Evolve/runs/sd_ablation_20260915_bf16_b48_v1/B/search/workspace/exp_23_improve,/shared/chaolei.liu/SURE-Evolve/runs/sd_ablation_20260915_bf16_b48_v1/B/search/workspace/model_artifacts/11e32dc88671137ce525f906642625d741ba378393bdb89d1941981b424cab42/manifest.json,/shared/chaolei.liu/SURE-Evolve/runs/sd_candidate_holdout_snapshot_20260917_134433/worker_0/run/workspace/exp_31_improve,/shared/chaolei.liu/SURE-Evolve/runs/sd_ablation_20260915_bf16_b48_v1/B/search/workspace/exp_23_improve/artifacts/candidate_status.json
B-r6-i1,B,6,1,inference,success,9.74,9.205,0.04333333333332995,0.46855289241301096,[],/shared/chaolei.liu/SURE-Evolve/runs/sd_ablation_20260915_bf16_b48_v1/B/search/workspace/exp_30_improve,/shared/chaolei.liu/SURE-Evolve/runs/sd_ablation_20260915_bf16_b48_v1/B/search/workspace/model_artifacts/25985c2370c9cabbbf7177611eac6a872e6d2bfb4626d4553094794ba099a678/manifest.json,/shared/chaolei.liu/SURE-Evolve/runs/sd_candidate_holdout_snapshot_20260917_134433/worker_1/run/workspace/exp_32_improve,/shared/chaolei.liu/SURE-Evolve/runs/sd_ablation_20260915_bf16_b48_v1/B/search/workspace/exp_30_improve/artifacts/candidate_status.json
B-r6-i2,B,6,2,inference,success,12.50875,9.145833333333332,0.10249999999999843,1.1083078032077687,"[""inference.ahc_threshold"", ""inference.segmentation_step""]",/shared/chaolei.liu/SURE-Evolve/runs/sd_ablation_20260915_bf16_b48_v1/B/search/workspace/exp_26_improve,/shared/chaolei.liu/SURE-Evolve/runs/sd_ablation_20260915_bf16_b48_v1/B/search/workspace/model_artifacts/3db5220855f543bc210aed7de035fb2bbb66e21fa20e9fe24f53a777ce784d7e/manifest.json,/shared/chaolei.liu/SURE-Evolve/runs/sd_candidate_holdout_snapshot_20260917_134433/worker_2/run/workspace/exp_33_improve,/shared/chaolei.liu/SURE-Evolve/runs/sd_ablation_20260915_bf16_b48_v1/B/search/workspace/exp_26_improve/artifacts/candidate_status.json
B-r6-i3,B,6,3,,not_generated,,,,,[],/shared/chaolei.liu/SURE-Evolve/runs/sd_ablation_20260915_bf16_b48_v1/B/search/workspace,,,
B-r6-i4,B,6,4,,not_generated,,,,,[],/shared/chaolei.liu/SURE-Evolve/runs/sd_ablation_20260915_bf16_b48_v1/B/search/workspace,,,
